,Supplier_Lead_Time,Inventory_Levels,Order_Frequency,Delivery_Performance,Cost_Per_Unit
Supplier_Lead_Time,1.0,0.21050879694335797,-0.8909543866066907,-0.8924787667075552,0.9598876213855476
Inventory_Levels,0.21050879694335797,1.0,-0.20582138825078397,-0.2535188618410203,0.24288820324989963
Order_Frequency,-0.8909543866066907,-0.20582138825078397,1.0,0.76090795307535,-0.8330405337229422
Delivery_Performance,-0.8924787667075552,-0.2535188618410203,0.76090795307535,1.0,-0.8828866276554092
Cost_Per_Unit,0.9598876213855476,0.24288820324989963,-0.8330405337229422,-0.8828866276554092,1.0
